[
  {
    "timestamp": "2026-01-30T21:24:53.005170",
    "strategy_name": "RSI_Only",
    "metrics": {
      "total_return_pct": 125.13,
      "annual_return_pct": 17.68,
      "final_equity": 22512.54,
      "sharpe_ratio": 1.12,
      "sortino_ratio": 1.41,
      "calmar_ratio": 5.51,
      "max_drawdown_pct": -22.71,
      "avg_drawdown_pct": -6.31,
      "max_drawdown_duration": 532,
      "ulcer_index": 8.64,
      "recovery_factor": 5.51,
      "num_trades": 13,
      "num_wins": 12,
      "num_losses": 1,
      "win_rate_pct": 92.31,
      "avg_win": 1222.79,
      "avg_loss": -2160.94,
      "max_win": 2326.66,
      "max_loss": -2160.94,
      "profit_factor": 6.79,
      "payoff_ratio": 0.57,
      "expectancy": 962.5,
      "avg_trade_duration_days": 61.0,
      "max_trade_duration_days": 157,
      "min_trade_duration_days": 17,
      "max_consecutive_wins": 7,
      "max_consecutive_losses": 1,
      "kelly_pct": 78.71,
      "exposure_time_pct": 63.14
    },
    "data_info": {
      "symbol": "SPY",
      "start_date": "2020-03-10",
      "end_date": "2024-12-31",
      "num_days": 1256
    }
  },
  {
    "timestamp": "2026-01-30T21:28:01.524872",
    "strategy_name": "TEMP_RSI_Only",
    "metrics": {
      "total_return_pct": 62.18,
      "annual_return_pct": 10.19,
      "final_equity": 16218.29,
      "sharpe_ratio": 0.76,
      "sortino_ratio": 0.77,
      "calmar_ratio": 2.24,
      "max_drawdown_pct": -27.74,
      "avg_drawdown_pct": -4.97,
      "max_drawdown_duration": 309,
      "ulcer_index": 8.03,
      "recovery_factor": 2.24,
      "num_trades": 18,
      "num_wins": 16,
      "num_losses": 2,
      "win_rate_pct": 88.89,
      "avg_win": 546.03,
      "avg_loss": -1259.12,
      "max_win": 1370.89,
      "max_loss": -1770.35,
      "profit_factor": 3.47,
      "payoff_ratio": 0.43,
      "expectancy": 345.46,
      "avg_trade_duration_days": 34.33,
      "max_trade_duration_days": 95,
      "min_trade_duration_days": 7,
      "max_consecutive_wins": 10,
      "max_consecutive_losses": 1,
      "kelly_pct": 63.27,
      "exposure_time_pct": 49.2
    },
    "data_info": {
      "symbol": "SPY",
      "start_date": "2020-03-10",
      "end_date": "2024-12-31",
      "num_days": 1256
    }
  },
  {
    "timestamp": "2026-01-30T16:41:03.512661",
    "strategy_name": "TEMP_RSI_Only",
    "metrics": {
      "total_return_pct": 62.18,
      "annual_return_pct": 10.19,
      "final_equity": 16218.29,
      "sharpe_ratio": 0.76,
      "sortino_ratio": 0.77,
      "calmar_ratio": 2.24,
      "max_drawdown_pct": -27.74,
      "avg_drawdown_pct": -4.97,
      "max_drawdown_duration": 309,
      "ulcer_index": 8.03,
      "recovery_factor": 2.24,
      "num_trades": 18,
      "num_wins": 16,
      "num_losses": 2,
      "win_rate_pct": 88.89,
      "avg_win": 546.03,
      "avg_loss": -1259.12,
      "max_win": 1370.89,
      "max_loss": -1770.35,
      "profit_factor": 3.47,
      "payoff_ratio": 0.43,
      "expectancy": 345.46,
      "avg_trade_duration_days": 34.33,
      "max_trade_duration_days": 95,
      "min_trade_duration_days": 7,
      "max_consecutive_wins": 10,
      "max_consecutive_losses": 1,
      "kelly_pct": 63.27,
      "exposure_time_pct": 49.2
    },
    "data_info": {
      "symbol": "SPY",
      "start_date": "2020-03-10",
      "end_date": "2024-12-31",
      "num_days": 1256
    }
  },
  {
    "timestamp": "2026-01-30T16:41:03.549268",
    "strategy_name": "TEMP_RSI_MACD_Combo",
    "metrics": {
      "total_return_pct": 25.31,
      "annual_return_pct": 4.63,
      "final_equity": 12530.89,
      "sharpe_ratio": 0.47,
      "sortino_ratio": 0.37,
      "calmar_ratio": 0.94,
      "max_drawdown_pct": -26.93,
      "avg_drawdown_pct": -7.06,
      "max_drawdown_duration": 768,
      "ulcer_index": 9.81,
      "recovery_factor": 0.94,
      "num_trades": 45,
      "num_wins": 30,
      "num_losses": 15,
      "win_rate_pct": 66.67,
      "avg_win": 287.74,
      "avg_loss": -406.75,
      "max_win": 933.31,
      "max_loss": -1273.84,
      "profit_factor": 1.41,
      "payoff_ratio": 0.71,
      "expectancy": 56.24,
      "avg_trade_duration_days": 9.31,
      "max_trade_duration_days": 32,
      "min_trade_duration_days": 1,
      "max_consecutive_wins": 7,
      "max_consecutive_losses": 2,
      "kelly_pct": 19.55,
      "exposure_time_pct": 33.36
    },
    "data_info": {
      "symbol": "SPY",
      "start_date": "2020-03-10",
      "end_date": "2024-12-31",
      "num_days": 1256
    }
  },
  {
    "timestamp": "2026-01-30T16:41:03.580348",
    "strategy_name": "TEMP_BBands_RSI",
    "metrics": {
      "total_return_pct": 29.45,
      "annual_return_pct": 5.31,
      "final_equity": 12944.7,
      "sharpe_ratio": 0.55,
      "sortino_ratio": 0.44,
      "calmar_ratio": 1.21,
      "max_drawdown_pct": -24.24,
      "avg_drawdown_pct": -4.22,
      "max_drawdown_duration": 593,
      "ulcer_index": 7.14,
      "recovery_factor": 1.21,
      "num_trades": 12,
      "num_wins": 9,
      "num_losses": 3,
      "win_rate_pct": 75.0,
      "avg_win": 589.3,
      "avg_loss": -786.33,
      "max_win": 1072.73,
      "max_loss": -1402.26,
      "profit_factor": 2.25,
      "payoff_ratio": 0.75,
      "expectancy": 245.39,
      "avg_trade_duration_days": 30.17,
      "max_trade_duration_days": 77,
      "min_trade_duration_days": 17,
      "max_consecutive_wins": 5,
      "max_consecutive_losses": 2,
      "kelly_pct": 41.64,
      "exposure_time_pct": 28.82
    },
    "data_info": {
      "symbol": "SPY",
      "start_date": "2020-03-10",
      "end_date": "2024-12-31",
      "num_days": 1256
    }
  },
  {
    "timestamp": "2026-01-30T16:46:05.336051",
    "strategy_name": "TEMP_MACD_Only",
    "metrics": {
      "total_return_pct": 29.91,
      "annual_return_pct": 5.39,
      "final_equity": 12991.4,
      "sharpe_ratio": 0.41,
      "sortino_ratio": 0.48,
      "calmar_ratio": 0.85,
      "max_drawdown_pct": -35.34,
      "avg_drawdown_pct": -12.9,
      "max_drawdown_duration": 698,
      "ulcer_index": 16.35,
      "recovery_factor": 0.85,
      "num_trades": 47,
      "num_wins": 24,
      "num_losses": 23,
      "win_rate_pct": 51.06,
      "avg_win": 505.0,
      "avg_loss": -397.77,
      "max_win": 1336.2,
      "max_loss": -1407.93,
      "profit_factor": 1.32,
      "payoff_ratio": 1.27,
      "expectancy": 63.22,
      "avg_trade_duration_days": 19.74,
      "max_trade_duration_days": 57,
      "min_trade_duration_days": 1,
      "max_consecutive_wins": 5,
      "max_consecutive_losses": 5,
      "kelly_pct": 12.52,
      "exposure_time_pct": 73.89
    },
    "data_info": {
      "symbol": "SPY",
      "start_date": "2020-03-10",
      "end_date": "2024-12-31",
      "num_days": 1256
    }
  },
  {
    "timestamp": "2026-01-30T16:46:05.370860",
    "strategy_name": "TEMP_Triple_Confirmation",
    "metrics": {
      "total_return_pct": 35.0,
      "annual_return_pct": 6.21,
      "final_equity": 13500.39,
      "sharpe_ratio": 0.62,
      "sortino_ratio": 0.47,
      "calmar_ratio": 1.62,
      "max_drawdown_pct": -21.67,
      "avg_drawdown_pct": -4.47,
      "max_drawdown_duration": 529,
      "ulcer_index": 6.51,
      "recovery_factor": 1.62,
      "num_trades": 44,
      "num_wins": 30,
      "num_losses": 14,
      "win_rate_pct": 68.18,
      "avg_win": 299.77,
      "avg_loss": -392.34,
      "max_win": 933.31,
      "max_loss": -1273.84,
      "profit_factor": 1.64,
      "payoff_ratio": 0.76,
      "expectancy": 79.55,
      "avg_trade_duration_days": 9.02,
      "max_trade_duration_days": 32,
      "min_trade_duration_days": 1,
      "max_consecutive_wins": 7,
      "max_consecutive_losses": 2,
      "kelly_pct": 26.54,
      "exposure_time_pct": 31.61
    },
    "data_info": {
      "symbol": "SPY",
      "start_date": "2020-03-10",
      "end_date": "2024-12-31",
      "num_days": 1256
    }
  },
  {
    "timestamp": "2026-01-30T16:46:05.402749",
    "strategy_name": "TEMP_Stochastic_Only",
    "metrics": {
      "total_return_pct": 4.1,
      "annual_return_pct": 0.81,
      "final_equity": 10409.84,
      "sharpe_ratio": 0.13,
      "sortino_ratio": 0.14,
      "calmar_ratio": 0.11,
      "max_drawdown_pct": -35.67,
      "avg_drawdown_pct": -15.61,
      "max_drawdown_duration": 712,
      "ulcer_index": 20.1,
      "recovery_factor": 0.11,
      "num_trades": 34,
      "num_wins": 19,
      "num_losses": 15,
      "win_rate_pct": 55.88,
      "avg_win": 351.1,
      "avg_loss": -417.41,
      "max_win": 1137.04,
      "max_loss": -1695.77,
      "profit_factor": 1.07,
      "payoff_ratio": 0.84,
      "expectancy": 12.05,
      "avg_trade_duration_days": 21.38,
      "max_trade_duration_days": 58,
      "min_trade_duration_days": 3,
      "max_consecutive_wins": 6,
      "max_consecutive_losses": 4,
      "kelly_pct": 3.43,
      "exposure_time_pct": 57.88
    },
    "data_info": {
      "symbol": "SPY",
      "start_date": "2020-03-10",
      "end_date": "2024-12-31",
      "num_days": 1256
    }
  }
]